{
	 "rootnode": {
		 "name": "<STL_BINARY>"
		,"transformation": [
			 1
			,0
			,0
			,0
			,0
			,1
			,0
			,0
			,0
			,0
			,1
			,0
			,0
			,0
			,0
			,1
		]
		,"meshes": [
			 0
		]
	}
	,"flags": 8
	,"meshes": [
		{
			 "name": ""
			,"materialindex": 0
			,"primitivetypes": 4
			,"vertices": [
				 22.7285
				,48.8234
				,2.7305
				,22.7285
				,48.8234
				,3.10812
				,22.532
				,51.1203
				,2.7305
				,22.4677
				,51.8728
				,3.10812
				,22.532
				,51.1203
				,0.425239
				,22.4677
				,51.8728
				,0.0476183
				,22.7285
				,48.8234
				,0.425239
				,22.7285
				,48.8234
				,0.0476183
				,38.7156
				,52.5462
				,1.11454
				,38.5054
				,53.4487
				,1.11454
				,38.7156
				,52.5462
				,2.0412
				,38.5054
				,53.4487
				,2.0412
				,22.7285
				,48.8234
				,0.425239
				,22.7285
				,48.8234
				,0.0476183
				,38.7156
				,52.5462
				,1.11454
				,22.7285
				,48.8234
				,2.7305
				,38.7156
				,52.5462
				,2.0412
				,22.7285
				,48.8234
				,3.10812
				,22.4677
				,51.8728
				,3.10812
				,22.7285
				,48.8234
				,3.10812
				,38.5054
				,53.4487
				,2.0412
				,38.5054
				,53.4487
				,2.0412
				,22.7285
				,48.8234
				,3.10812
				,38.7156
				,52.5462
				,2.0412
				,22.7285
				,48.8234
				,0.0476183
				,22.4677
				,51.8728
				,0.0476183
				,38.7156
				,52.5462
				,1.11454
				,38.7156
				,52.5462
				,1.11454
				,22.4677
				,51.8728
				,0.0476183
				,38.5054
				,53.4487
				,1.11454
				,38.5054
				,53.4487
				,1.11454
				,22.4677
				,51.8728
				,0.0476183
				,38.5054
				,53.4487
				,2.0412
				,22.4677
				,51.8728
				,3.10812
				,9.58628
				,37.7744
				,2.76296
				,9.58628
				,37.7744
				,3.12482
				,7.79774
				,39.3297
				,2.76296
				,7.25164
				,39.8045
				,3.12482
				,7.79774
				,39.3297
				,0.392775
				,7.25164
				,39.8045
				,0.0309232
				,9.58628
				,37.7744
				,0.392775
				,9.58628
				,37.7744
				,0.0309232
				,9.58628
				,37.7744
				,0.0309232
				,22.7285
				,48.8234
				,0.425239
				,9.58628
				,37.7744
				,0.392775
				,22.7285
				,48.8234
				,2.7305
				,9.58628
				,37.7744
				,2.76296
				,9.58628
				,37.7744
				,3.12482
				,7.25164
				,39.8045
				,3.12482
				,9.58628
				,37.7744
				,3.12482
				,22.532
				,51.1203
				,2.7305
				,22.532
				,51.1203
				,2.7305
				,9.58628
				,37.7744
				,3.12482
				,22.7285
				,48.8234
				,2.7305
				,9.58628
				,37.7744
				,0.0309232
				,7.25164
				,39.8045
				,0.0309232
				,22.7285
				,48.8234
				,0.425239
				,22.7285
				,48.8234
				,0.425239
				,7.25164
				,39.8045
				,0.0309232
				,22.532
				,51.1203
				,0.425239
				,22.532
				,51.1203
				,0.425239
				,7.25164
				,39.8045
				,0.0309232
				,22.532
				,51.1203
				,2.7305
				,7.25164
				,39.8045
				,3.12482
				,3.15564
				,8.83738
				,2.44242
				,3.15564
				,8.83738
				,3.15564
				,1.42654
				,8.83738
				,2.44242
				,0.000100583
				,8.83738
				,3.15564
				,1.42654
				,8.83738
				,0.713321
				,0.000100583
				,8.83738
				,0.000100117
				,3.15564
				,8.83738
				,0.713321
				,3.15564
				,8.83738
				,0.000100117
				,3.15564
				,8.83738
				,0.713321
				,3.15564
				,8.83738
				,0.000100117
				,9.58628
				,37.7744
				,0.392775
				,3.15564
				,8.83738
				,2.44242
				,9.58628
				,37.7744
				,2.76296
				,3.15564
				,8.83738
				,3.15564
				,0.000100583
				,8.83738
				,3.15564
				,3.15564
				,8.83738
				,3.15564
				,7.79774
				,39.3297
				,2.76296
				,7.79774
				,39.3297
				,2.76296
				,3.15564
				,8.83738
				,3.15564
				,9.58628
				,37.7744
				,2.76296
				,3.15564
				,8.83738
				,0.000100117
				,0.000100583
				,8.83738
				,0.000100117
				,9.58628
				,37.7744
				,0.392775
				,9.58628
				,37.7744
				,0.392775
				,0.000100583
				,8.83738
				,0.000100117
				,7.79774
				,39.3297
				,0.392775
				,7.79774
				,39.3297
				,0.392775
				,0.000100583
				,8.83738
				,0.000100117
				,7.79774
				,39.3297
				,2.76296
				,0.000100583
				,8.83738
				,3.15564
				,3.79926
				,1.51339
				,0.355804
				,3.79926
				,1.51339
				,2.79993
				,1.87996
				,0.000100583
				,0.355804
				,1.87996
				,0.000100583
				,2.79993
				,3.15564
				,8.83738
				,2.44242
				,3.79926
				,1.51339
				,2.79993
				,3.15564
				,8.83738
				,0.713321
				,3.79926
				,1.51339
				,0.355804
				,1.87996
				,0.000100583
				,2.79993
				,3.79926
				,1.51339
				,2.79993
				,1.42654
				,8.83738
				,2.44242
				,1.42654
				,8.83738
				,2.44242
				,3.79926
				,1.51339
				,2.79993
				,3.15564
				,8.83738
				,2.44242
				,3.79926
				,1.51339
				,0.355804
				,1.87996
				,0.000100583
				,0.355804
				,3.15564
				,8.83738
				,0.713321
				,3.15564
				,8.83738
				,0.713321
				,1.87996
				,0.000100583
				,0.355804
				,1.42654
				,8.83738
				,0.713321
				,1.42654
				,8.83738
				,0.713321
				,1.87996
				,0.000100583
				,0.355804
				,1.42654
				,8.83738
				,2.44242
				,1.87996
				,0.000100583
				,2.79993
			]
			,