{
	 "rootnode": {
		 "name": "<STL_BINARY>"
		,"transformation": [
			 1
			,0
			,0
			,0
			,0
			,1
			,0
			,0
			,0
			,0
			,1
			,0
			,0
			,0
			,0
			,1
		]
		,"meshes": [
			 0
		]
	}
	,"flags": 8
	,"meshes": [
		{
			 "name": ""
			,"materialindex": 0
			,"primitivetypes": 4
			,"vertices": [
				 5.77885
				,5.58018
				,2.48687
				,5.77885
				,5.58018
				,2.93574
				,3.94552
				,5.16488
				,2.48687
				,3.06997
				,4.96653
				,2.93574
				,3.94552
				,5.16488
				,0.607087
				,3.06997
				,4.96653
				,0.158215
				,5.77885
				,5.58018
				,0.607087
				,5.77885
				,5.58018
				,0.158215
				,6.10409
				,41.0591
				,2.38659
				,6.10409
				,41.0591
				,2.87863
				,4.58703
				,41.779
				,2.38659
				,3.69799
				,42.201
				,2.87863
				,4.58703
				,41.779
				,0.70736
				,3.69799
				,42.201
				,0.215325
				,6.10409
				,41.0591
				,0.70736
				,6.10409
				,41.0591
				,0.215325
				,14.0276
				,54.3138
				,2.08074
				,14.0276
				,54.3138
				,1.01322
				,13.1707
				,54.9504
				,2.08074
				,13.1707
				,54.9504
				,1.01322
				,6.10409
				,41.0591
				,0.215325
				,14.0276
				,54.3138
				,1.01322
				,6.10409
				,41.0591
				,0.70736
				,14.0276
				,54.3138
				,2.08074
				,6.10409
				,41.0591
				,2.38659
				,6.10409
				,41.0591
				,2.87863
				,3.69799
				,42.201
				,2.87863
				,6.10409
				,41.0591
				,2.87863
				,13.1707
				,54.9504
				,2.08074
				,13.1707
				,54.9504
				,2.08074
				,6.10409
				,41.0591
				,2.87863
				,14.0276
				,54.3138
				,2.08074
				,6.10409
				,41.0591
				,0.215325
				,3.69799
				,42.201
				,0.215325
				,14.0276
				,54.3138
				,1.01322
				,14.0276
				,54.3138
				,1.01322
				,3.69799
				,42.201
				,0.215325
				,13.1707
				,54.9504
				,1.01322
				,13.1707
				,54.9504
				,1.01322
				,3.69799
				,42.201
				,0.215325
				,13.1707
				,54.9504
				,2.08074
				,3.69799
				,42.201
				,2.87863
				,3.06997
				,24.6116
				,2.4985
				,3.06997
				,24.6116
				,3.09385
				,1.18161
				,24.8476
				,2.4985
				,0.000100583
				,24.9953
				,3.09385
				,1.18161
				,24.8476
				,0.59545
				,0.000100583
				,24.9953
				,9.98843e-05
				,3.06997
				,24.6116
				,0.59545
				,3.06997
				,24.6116
				,9.98843e-05
				,3.06997
				,24.6116
				,9.98843e-05
				,6.10409
				,41.0591
				,0.70736
				,3.06997
				,24.6116
				,0.59545
				,6.10409
				,41.0591
				,2.38659
				,3.06997
				,24.6116
				,2.4985
				,3.06997
				,24.6116
				,3.09385
				,0.000100583
				,24.9953
				,3.09385
				,3.06997
				,24.6116
				,3.09385
				,4.58703
				,41.779
				,2.38659
				,4.58703
				,41.779
				,2.38659
				,3.06997
				,24.6116
				,3.09385
				,6.10409
				,41.0591
				,2.38659
				,3.06997
				,24.6116
				,9.98843e-05
				,0.000100583
				,24.9953
				,9.98843e-05
				,6.10409
				,41.0591
				,0.70736
				,6.10409
				,41.0591
				,0.70736
				,0.000100583
				,24.9953
				,9.98843e-05
				,4.58703
				,41.779
				,0.70736
				,4.58703
				,41.779
				,0.70736
				,0.000100583
				,24.9953
				,9.98843e-05
				,4.58703
				,41.779
				,2.38659
				,0.000100583
				,24.9953
				,3.09385
				,5.77885
				,5.58018
				,0.158215
				,3.06997
				,24.6116
				,0.59545
				,5.77885
				,5.58018
				,0.607087
				,3.06997
				,24.6116
				,2.4985
				,5.77885
				,5.58018
				,2.48687
				,5.77885
				,5.58018
				,2.93574
				,3.06997
				,4.96653
				,2.93574
				,5.77885
				,5.58018
				,2.93574
				,1.18161
				,24.8476
				,2.4985
				,1.18161
				,24.8476
				,2.4985
				,5.77885
				,5.58018
				,2.93574
				,3.06997
				,24.6116
				,2.4985
				,5.77885
				,5.58018
				,0.158215
				,3.06997
				,4.96653
				,0.158215
				,3.06997
				,24.6116
				,0.59545
				,3.06997
				,24.6116
				,0.59545
				,3.06997
				,4.96653
				,0.158215
				,1.18161
				,24.8476
				,0.59545
				,1.18161
				,24.8476
				,0.59545
				,3.06997
				,4.96653
				,0.158215
				,1.18161
				,24.8476
				,2.4985
				,3.06997
				,4.96653
				,2.93574
				,9.57793
				,9.68575e-05
				,2.47393
				,9.57793
				,9.68575e-05
				,0.620028
				,10.8888
				,1.311
				,2.47393
				,10.8888
				,1.311
				,0.620028
				,5.77885
				,5.58018
				,2.48687
				,10.8888
				,1.311
				,2.47393
				,5.77885
				,5.58018
				,0.607087
				,10.8888
				,1.311
				,0.620028
				,9.57793
				,9.68575e-05
				,2.47393
				,10.8888
				,1.311
				,2.47393
				,3.94552
				,5.16488
				,2.48687
				,3.94552
				,5.16488
				,2.48687
				,10.8888
				,1.311
				,2.47393
				,5.77885
				,5.58018
				,2.48687
				,10.8888
				,1.311
				,0.620028
				,9.57793
				,9.68575e-05
				,0.620028
				,5.77885
				,5.58018
				,0.607087
				,5.77885
				,5.58018
				,0.607087
				,9.57793
				,9.68575e-05
				,0.620028
				,3.94552
				,5.16488
				,0.607087
				,3.94552
				,5.16488
				,0.607087
				,9.57793
				,9.68575e-05
				,0.620028
				,3.94552
				,5.16488
				,2.48687
				,9.57793
				,9.68575e-05
				,2.47393
			]
			,