{
	 "rootnode": {
		 "name": "<STL_BINARY>"
		,"transformation": [
			 1
			,0
			,0
			,0
			,0
			,1
			,0
			,0
			,0
			,0
			,1
			,0
			,0
			,0
			,0
			,1
		]
		,"meshes": [
			 0
		]
	}
	,"flags": 8
	,"meshes": [
		{
			 "name": ""
			,"materialindex": 0
			,"primitivetypes": 4
			,"vertices": [
				 44.8151
				,8.06618
				,0.958072
				,44.8151
				,8.06618
				,0.482602
				,45.3422
				,5.91351
				,0.958072
				,45.5684
				,4.98986
				,0.482602
				,45.3422
				,5.91351
				,3.17436
				,45.5684
				,4.98986
				,3.64983
				,44.8151
				,8.06618
				,3.17436
				,44.8151
				,8.06618
				,3.64983
				,56.4062
				,8.95711
				,1.69295
				,56.3013
				,9.69624
				,1.69295
				,56.4062
				,8.95711
				,2.43948
				,56.3013
				,9.69624
				,2.43948
				,56.4062
				,8.95711
				,2.43948
				,45.5684
				,4.98986
				,3.64983
				,56.4062
				,8.95711
				,1.69295
				,45.5684
				,4.98986
				,0.482602
				,44.8151
				,8.06618
				,3.64983
				,45.5684
				,4.98986
				,3.64983
				,56.3013
				,9.69624
				,2.43948
				,56.3013
				,9.69624
				,2.43948
				,45.5684
				,4.98986
				,3.64983
				,56.4062
				,8.95711
				,2.43948
				,45.5684
				,4.98986
				,0.482602
				,44.8151
				,8.06618
				,0.482602
				,56.4062
				,8.95711
				,1.69295
				,56.4062
				,8.95711
				,1.69295
				,44.8151
				,8.06618
				,0.482602
				,56.3013
				,9.69624
				,1.69295
				,44.8151
				,8.06618
				,3.64983
				,56.3013
				,9.69624
				,2.43948
				,44.8151
				,8.06618
				,3.17436
				,56.3013
				,9.69624
				,1.69295
				,44.8151
				,8.06618
				,0.958072
				,44.8151
				,8.06618
				,0.482602
				,18.2785
				,22.5818
				,0.548432
				,18.2785
				,22.5818
				,0.000100117
				,16.8217
				,19.9186
				,0.548432
				,16.2955
				,18.9565
				,0.000100117
				,16.8217
				,19.9186
				,3.584
				,16.2955
				,18.9565
				,4.13233
				,18.2785
				,22.5818
				,3.584
				,18.2785
				,22.5818
				,4.13233
				,45.3422
				,5.91351
				,3.17436
				,16.2955
				,18.9565
				,4.13233
				,45.3422
				,5.91351
				,0.958072
				,16.2955
				,18.9565
				,0.000100117
				,18.2785
				,22.5818
				,4.13233
				,16.2955
				,18.9565
				,4.13233
				,44.8151
				,8.06618
				,3.17436
				,44.8151
				,8.06618
				,3.17436
				,16.2955
				,18.9565
				,4.13233
				,45.3422
				,5.91351
				,3.17436
				,16.2955
				,18.9565
				,0.000100117
				,18.2785
				,22.5818
				,0.000100117
				,45.3422
				,5.91351
				,0.958072
				,45.3422
				,5.91351
				,0.958072
				,18.2785
				,22.5818
				,0.000100117
				,44.8151
				,8.06618
				,0.958072
				,18.2785
				,22.5818
				,4.13233
				,44.8151
				,8.06618
				,3.17436
				,18.2785
				,22.5818
				,3.584
				,44.8151
				,8.06618
				,0.958072
				,18.2785
				,22.5818
				,0.548432
				,18.2785
				,22.5818
				,0.000100117
				,3.52973
				,47.0713
				,0.0464723
				,0.000104308
				,49.0358
				,0.0464723
				,3.52973
				,47.0713
				,4.08596
				,0.000104308
				,49.0358
				,4.08596
				,3.52973
				,47.0713
				,4.08596
				,0.000104308
				,49.0358
				,4.08596
				,18.2785
				,22.5818
				,3.584
				,18.2785
				,22.5818
				,3.584
				,0.000104308
				,49.0358
				,4.08596
				,16.8217
				,19.9186
				,3.584
				,16.8217
				,19.9186
				,3.584
				,0.000104308
				,49.0358
				,4.08596
				,16.8217
				,19.9186
				,0.548432
				,0.000104308
				,49.0358
				,0.0464723
				,18.2785
				,22.5818
				,0.548432
				,3.52973
				,47.0713
				,0.0464723
				,18.2785
				,22.5818
				,3.584
				,3.52973
				,47.0713
				,4.08596
				,0.000104308
				,49.0358
				,0.0464723
				,3.52973
				,47.0713
				,0.0464723
				,16.8217
				,19.9186
				,0.548432
				,16.8217
				,19.9186
				,0.548432
				,3.52973
				,47.0713
				,0.0464723
				,18.2785
				,22.5818
				,0.548432
			]
			,"normals": [
				 -0.971297
				,-0.237869
				,0
				,-0.971297
				,-0.237869
				,0
				,-0.971297
				,-0.237869
				,0
				,-0.971297
				,-0.237869
				,0
				,-0.971297
				,-0.237869
				,0
				,-0.971297
				,-0.237869
				,0
				,-0.971297
				,-0.237869
				,0
				,-0.971297
				,-0.237869
				,0
				,0.99008
				,0.140505
				,0
				,0.99008
				,0.140505
				,0
				,0.99008
				,0.140505
				,0
				,0.99008
				,0.140505
				,0
				,0.34375
				,-0.939061
				,0
				,0.34375
				,-0.939061
				,0
				,0.34375
				,-0.939061
				,0
				,0.34375
				,-0.939061
				,0
				,0.101981
				,0.0214482
				,0.994555
				,0.101981
				,0.0214482
				,0.994555
				,0.101981
				,0.0214482
				,0.994555
				,0.103408
				,0.0181738
				,0.994473
				,0.103408
				,0.0181738
				,0.994473
				,0.103408
				,0.0181738
				,0.994473
				,0.102922
				,0.0215817
				,-0.994455
				,0.102922
				,0.0215817
				,-0.994455
				,0.102922
				,0.0215817
				,-0.994455
				,0.103192
				,0.0181211
				,-0.994496
				,0.103192
				,0.0181211
				,-0.994496
				,0.103192
				,0.0181211
				,-0.994496
				,-0.140505
				,0.99008
				,0
				,-0.140505
				,0.99008
				,0
				,-0.140505
				,0.99008
				,0
				,-0.140505
				,0.99008
				,0
				,-0.140505
				,0.99008
				,0
				,-0.140505
				,0.99008
				,0
				,-0.877324
				,0.479899
				,0
				,-0.877324
				,0.479899
				,0
				,-0.877324
				,0.479899
				,0
				,-0.877324
				,0.479899
				,0
				,-0.877324
				,0.479899
				,0
				,-0.877324
				,0.479899
				,0
				,-0.877324
				,0.479899
				,0
				,-0.877324
				,0.479899
				,0
				,-0.409631
				,-0.912251
				,0
				,-0.409631
				,-0.912251
				,0
				,-0.409631
				,-0.912251
				,0
				,-0.409631
				,-0.912251
				,0
				,0.0319639
				,-0.00649025
				,0.999468
				,0.0319639
				,-0.00649025
				,0.999468
				,0.0319639
				,-0.00649025
				,0.999468
				,0.0350493
				,0.00159703
				,0.999384
				,0.0350493
				,0.00159703
				,0.999384
				,0.0350493
				,0.00159703
				,0.999384
				,0.0304241
				,-0.0068671
				,-0.999514
				,0.0304241
				,-0.0068671
				,-0.999514
				,0.0304241
				,-0.0068671
				,-0.999514
				,0.0354851
				,0.00135865
				,-0.999369
				,0.0354851
				,0.00135865
				,-0.999369
				,0.0354851
				,0.00135865
				,-0.999369
				,0.479899
				,0.877324
				,0
				,0.479899
				,0.877324
				,0
				,0.479899
				,0.877324
				,0
				,0.479899
				,0.877324
				,0
				,0.479899
				,0.877324
				,0
				,0.479899
				,0.877324
				,0
				,0.48632
				,0.873781
				,0
				,0.48632
				,0.873781
				,0
				,0.48632
				,0.873781
				,0
				,0.48632
				,0.873781
				,0
				,-0.00448541
				,-0.0219919
				,0.999748
				,-0.00448541
				,-0.0219919
				,0.999748
				,-0.00448541
				,-0.0219919
				,0.999748
				,0.00634096
				,-0.0145138
				,0.999875
				,0.00634096
				,-0.0145138
				,0.999875
				,0.00634096
				,-0.0145138
				,0.999875
				,-0.865886
				,-0.500241
				,0
				,-0.865886
				,-0.500241
				,0
				,-0.865886
				,-0.500241
				,0
				,-0.865886
				,-0.500241
				,0
				,0.856642
				,0.515911
				,0
				,0.856642
				,0.515911
				,0
				,0.856642
				,0.515911
				,0
				,0.856642
				,0.515911
				,0
				,-0.00532085
				,-0.0215346
				,-0.999754
				,-0.00532085
				,-0.0215346
				,-0.999754
				,-0.00532085
				,-0.0215346
				,-0.999754
				,0.00533675
				,-0.0163192
				,-0.999853
				,0.00533675
				,-0.0163192
				,-0.999853
				,0.00533675
				,-0.0163192
				,-0.999853
			]
			,